<?xml version="1.0" encoding="UTF-8"?>
<!DOCTYPE mapper
  PUBLIC "-//mybatis.org//DTD Mapper 3.0//EN"
  "http://mybatis.org/dtd/mybatis-3-mapper.dtd">
  
<mapper namespace="memberMapper">
	

	<select id="totalCount" parameterType="Pager" resultType="Integer">
		select count(num) from notice where
		<choose>
			<when test="kind=='id'">
				id
			</when>
			<when test="kind=='name'">
				name
			</when>
		</choose>
		like '%'||#{search}||'%'
	</select>
	
	<select id="list" parameterType="Pager" resultType="MemberDTO">
		select * from
		(select rownum R, N.* from
		(select * from member where
		<choose>
			<when test="kind=='id'">id</when>
			<when test="kind=='name'">name</when>
		</choose>
		like '%'||#{search}||'%'
		order by num desc) N)
		where R between #{startRow} and #{lastRow}
	</select>
	
	<select id="check" parameterType="java.lang.String" resultType="MemberDTO">
		select * from member where id=#{id}
	</select>
	
	<select id="login" parameterType="MemberDTO" resultType="MemberDTO">
  		select * from member where id=#{id} and pw=#{pw}
  	</select>
	
	<insert id="insert" parameterType="MemberDTO">
		insert into member values(#{id}, #{pw}, #{name}, #{address}, #{phone},
		#{email}, sysdate, #{lv})
	</insert>
	
	<update id="updatePW" parameterType="MemberDTO">
		update member set pw=#{pw} where id=#{id}
	</update>
	
	<update id="update" parameterType="MemberDTO">
		update member set address=#{address}, phone=#{phone}, email=#{email} where id=#{id}
	</update>
	
	<delete id="delete" parameterType="MemberDTO">
		delete member where id=#{id} and pw=#{pw}
	</delete>
	
</mapper>  