<?xml version="1.0" encoding="UTF-8"?>
<!DOCTYPE configuration
  PUBLIC "-//mybatis.org//DTD Config 3.0//EN"
  "http://mybatis.org/dtd/mybatis-3-config.dtd">
  
<configuration>
	<typeAliases>
		<typeAlias type="com.om.file.FileDTO" alias="FileDTO"/>
		<typeAlias type="com.om.board.BoardDTO" alias="BoardDTO"/>
		<typeAlias type="com.om.notice.NoticeDTO" alias="NoticeDTO"/>
		<typeAlias type="com.om.qna.QnaDTO" alias="QnaDTO"/>
		<typeAlias type="com.om.util.Pager" alias="Pager"/>
		<typeAlias type="java.lang.Integer" alias="Integer"/>
		<typeAlias type="com.om.member.MemberDTO" alias="MemberDTO"/>
		<typeAlias type="com.om.product.ProductDTO" alias="ProductDTO"/>
	</typeAliases>
</configuration>
